{
  "swagger" : "2.0",
  "info" : {
    "title" : "getAccountDetailsByAccountNo ",
    "version" : "1.0.0",
    "description" : "getAccountDetailsByAccountNo "
  },
  "paths" : {
    "/accounts/{accountNumber}" : {
      "get" : {
        "operationId" : "getAccountNumber",
        "responses" : {
          "200" : {
            "description" : "The operation was successful.",
            "schema" : {
              "type" : "string"
            }
          }
        },
        "produces" : [ "application/json" ],
        "description" : "Retrieve accountNumber",
        "parameters" : [ {
          "required" : true,
          "name" : "accountNumber",
          "in" : "path",
          "type" : "string"
        } ]
      }
    }
  },
  "basePath" : "/getaccountdetailsbyaccountno/v1"
}