{
  "swagger" : "2.0",
  "info" : {
    "title" : "directDebitsAPI",
    "version" : "1.0.0",
    "description" : "directDebitsAPI"
  },
  "paths" : {
    "/directDebits" : {
      "post" : {
        "operationId" : "postDirectDebits",
        "responses" : {
          "200" : {
            "description" : "The operation was successful."
          }
        },
        "consumes" : [ "application/json" ],
        "produces" : [ "application/json" ],
        "description" : "Insert a directDebits",
        "parameters" : [ {
          "name" : "body",
          "in" : "body",
          "schema" : {
            "type" : "string"
          },
          "description" : "The request body for the operation",
          "required" : true
        } ]
      }
    }
  },
  "basePath" : "/transactions",
  "definitions" : {
    "requestBody" : {
      "type" : "object",
      "properties" : {
        "clientTransactionId" : {
          "type" : "string"
        },
        "transactionType" : {
          "type" : "string"
        },
        "debitAccount" : {
          "type" : "string"
        },
        "creditAccount" : {
          "type" : "string"
        },
        "creditCardAccount" : {
          "type" : "string"
        },
        "amount" : {
          "type" : "number"
        },
        "currency" : {
          "type" : "string"
        },
        "channel" : {
          "type" : "string"
        },
        "username" : {
          "type" : "string"
        },
        "channelcode" : {
          "type" : "number"
        },
        "description" : {
          "type" : "string"
        }
      },
      "required" : [ "clientTransactionId", "transactionType", "debitAccount", "creditAccount", "creditCardAccount", "amount", "currency", "channel", "username", "channelcode", "description" ]
    },
    "responseBody" : {
      "type" : "object",
      "properties" : {
        "statusCode" : {
          "type" : "integer"
        },
        "message" : {
          "type" : "string"
        },
        "data" : {
          "type" : "object",
          "properties" : {
            "transactionId" : {
              "type" : "string"
            },
            "clientTransactionId" : {
              "type" : "string"
            },
            "transactionType" : {
              "type" : "string"
            },
            "account" : {
              "type" : "string"
            },
            "valueDate" : {
              "type" : "string"
            },
            "creditCardAccount" : {
              "type" : "string"
            },
            "processedAt" : {
              "type" : "string"
            },
            "amount" : {
              "type" : "number"
            },
            "currency" : {
              "type" : "string"
            },
            "channel" : {
              "type" : "string"
            }
          },
          "required" : [ "transactionId", "clientTransactionId", "transactionType", "account", "valueDate", "creditCardAccount", "processedAt", "amount", "currency", "channel" ]
        }
      },
      "required" : [ "statusCode", "message" ]
    }
  }
}