{
  "swagger" : "2.0",
  "info" : {
    "title" : "getCustomersDetails",
    "version" : "1.0.0",
    "description" : "getCustomersDetails"
  },
  "paths" : {
    "/customers" : {
      "get" : {
        "operationId" : "getCustomers",
        "responses" : {
          "200" : {
            "description" : "The operation was successful.",
            "schema" : {
              "type" : "string"
            }
          }
        },
        "produces" : [ "application/json" ],
        "description" : "Retrieve customers"
      }
    }
  },
  "basePath" : "/getcustomersdetails/v1"
}