{
  "swagger" : "2.0",
  "info" : {
    "title" : "getSystemHolidaysAPI",
    "version" : "1.0.0",
    "description" : "getSystemHolidaysAPI"
  },
  "paths" : {
    "/holidays/{year}" : {
      "get" : {
        "operationId" : "getYear",
        "responses" : {
          "200" : {
            "description" : "The operation was successful.",
            "schema" : {
              "type" : "string"
            }
          }
        },
        "produces" : [ "application/json" ],
        "description" : "Retrieve year",
        "parameters" : [ {
          "required" : true,
          "name" : "year",
          "in" : "path",
          "type" : "integer"
        }, {
          "name" : "X-Request-ID",
          "in" : "header",
          "type" : "string",
          "required" : true
        }, {
          "name" : "Servicecode",
          "in" : "header",
          "type" : "string",
          "required" : true
        } ]
      }
    }
  },
  "basePath" : "/v1/system"
}