{
  "swagger" : "2.0",
  "info" : {
    "title" : "glAndSettlementsAPI",
    "version" : "1.0.0",
    "description" : "glAndSettlementsAPI"
  },
  "paths" : {
    "/glAndSettlements" : {
      "post" : {
        "operationId" : "postGlAndSettlements",
        "responses" : {
          "200" : {
            "description" : "The operation was successful.",
            "schema" : {
              "$ref" : "#/definitions/responseBody"
            }
          }
        },
        "consumes" : [ "application/json" ],
        "produces" : [ "application/json" ],
        "description" : "Insert a glAndSettlements",
        "parameters" : [ {
          "name" : "body",
          "in" : "body",
          "schema" : {
            "$ref" : "#/definitions/requestBody"
          },
          "description" : "The request body for the operation",
          "required" : true
        } ]
      }
    }
  },
  "basePath" : "/glSettlements_transactions",
  "definitions" : {
    "requestBody" : {
      "type" : "object",
      "properties" : {
        "clientTransactionId" : {
          "type" : "string"
        },
        "transactionType" : {
          "type" : "string"
        },
        "valueDate" : {
          "type" : "string"
        },
        "requestDate" : {
          "type" : "string"
        },
        "debitAccount" : {
          "type" : "string"
        },
        "creditAccount" : {
          "type" : "string"
        },
        "amount" : {
          "type" : "number"
        },
        "currency" : {
          "type" : "string"
        },
        "channel" : {
          "type" : "number"
        },
        "description" : {
          "type" : "string"
        },
        "username" : {
          "type" : "string"
        }
      },
      "required" : [ "clientTransactionId", "transactionType", "valueDate", "requestDate", "debitAccount", "creditAccount", "amount", "currency", "channel", "description", "username" ]
    },
    "responseBody" : {
      "type" : "object",
      "properties" : {
        "statusCode" : {
          "type" : "integer"
        },
        "message" : {
          "type" : "string"
        },
        "data" : {
          "type" : "object",
          "properties" : {
            "transactionId" : {
              "type" : "string"
            },
            "clientTransactionId" : {
              "type" : "string"
            },
            "branchCode" : {
              "type" : "string"
            },
            "transactionType" : {
              "type" : "string"
            },
            "account" : {
              "type" : "string"
            },
            "valueDate" : {
              "type" : "string"
            },
            "creditCardNumber" : {
              "type" : "string"
            },
            "processedAt" : {
              "type" : "string"
            },
            "amount" : {
              "type" : "number"
            },
            "currency" : {
              "type" : "string"
            },
            "channel" : {
              "type" : "string"
            },
            "description" : {
              "type" : "string"
            },
            "username" : {
              "type" : "string"
            }
          },
          "required" : [ "transactionId", "clientTransactionId", "branchCode", "transactionType", "account", "valueDate", "creditCardNumber", "processedAt", "amount", "currency", "channel", "description", "username" ]
        }
      },
      "required" : [ "statusCode", "message" ]
    }
  }
}