{
  "swagger" : "2.0",
  "info" : {
    "title" : "getAccountsByCustomerId",
    "version" : "1.0.0",
    "description" : "getAccountsByCustomerId"
  },
  "paths" : {
    "/customers/{customerId}/accounts" : {
      "get" : {
        "operationId" : "getAccounts",
        "responses" : {
          "200" : {
            "description" : "The operation was successful.",
            "schema" : {
              "type" : "string"
            }
          }
        },
        "produces" : [ "application/json" ],
        "description" : "Retrieve accounts",
        "parameters" : [ {
          "required" : true,
          "name" : "customerId",
          "in" : "path",
          "type" : "string"
        } ]
      }
    }
  },
  "basePath" : "/getaccountsbycustomerid/v1"
}