{
  "swagger" : "2.0",
  "info" : {
    "title" : "cashAdvanceAPI",
    "version" : "1.0.0",
    "description" : "cashAdvanceAPI"
  },
  "paths" : {
    "/" : {
      "post" : {
        "operationId" : "postCash-advance",
        "responses" : {
          "200" : {
            "description" : "The operation was successful.",
            "schema" : {
              "$ref" : "#/definitions/responseBody"
            }
          }
        },
        "consumes" : [ "application/json" ],
        "produces" : [ "application/json" ],
        "description" : "Make a cash-advance payment",
        "parameters" : [ {
          "name" : "X-Request-ID",
          "in" : "header",
          "type" : "string",
          "required" : true
        }, {
          "name" : "Servicecode",
          "in" : "header",
          "type" : "string",
          "required" : true
        }, {
          "name" : "body",
          "in" : "body",
          "schema" : {
            "$ref" : "#/definitions/requestBody"
          },
          "description" : "The request body for the operation",
          "required" : true
        } ]
      }
    }
  },
  "basePath" : "/v1/customers/transactions/cash-advance",
  "definitions" : {
    "requestBody" : {
      "type" : "object",
      "properties" : {
        "clientTransactionId" : {
          "type" : "string"
        },
        "transactionType" : {
          "type" : "string"
        },
        "creditAccount" : {
          "type" : "string"
        },
        "creditCardAccount" : {
          "type" : "string"
        },
        "amount" : {
          "type" : "number"
        },
        "channel" : {
          "type" : "string"
        },
        "username" : {
          "type" : "string"
        },
        "description" : {
          "type" : "string"
        },
        "requestDate" : {
          "type" : "string"
        }
      },
      "required" : [ "clientTransactionId", "transactionType", "creditAccount", "creditCardAccount", "amount", "channel", "username", "description" ]
    },
    "responseBody" : {
      "type" : "object",
      "properties" : {
        "statusCode" : {
          "type" : "integer"
        },
        "message" : {
          "type" : "string"
        },
        "data" : {
          "type" : "object",
          "properties" : {
            "transactionId" : {
              "type" : "string"
            },
            "clientTransactionId" : {
              "type" : "string"
            },
            "transactionType" : {
              "type" : "string"
            },
            "creditAccount" : {
              "type" : "string"
            },
            "valueDate" : {
              "type" : "string"
            },
            "creditCardAccount" : {
              "type" : "string"
            },
            "currency" : {
              "type" : "string"
            },
            "channel" : {
              "type" : "string"
            },
            "amount" : {
              "type" : "number"
            },
            "description" : {
              "type" : "string"
            },
            "username" : {
              "type" : "string"
            },
            "requestDate" : {
              "type" : "string"
            }
          },
          "required" : [ "transactionId", "clientTransactionId", "transactionType", "creditAccount", "valueDate", "creditCardAccount", "currency", "channel", "amount" ]
        }
      },
      "required" : [ "statusCode", "message" ]
    }
  }
}